{"path":"Reaper","name":"Ju 87 \u0027Kanonenvogel\u0027","laserColor":{"r":1.0,"g":1.0,"b":1.0,"a":1.0},"primaryColor":{"r":0.49803922,"g":0.47843137,"b":0.44705883,"a":1.0},"secondaryColor":{"r":1.0,"g":0.0,"b":0.41960785,"a":1.0}}
