{"path":"Reaper","name":"Ju 87 \u0027Kanonenvogel\u0027","laserColor":{"r":1.0,"g":0.0,"b":0.0,"a":1.0},"primaryColor":{"r":0.49803922,"g":0.49803922,"b":0.49803922,"a":1.0},"secondaryColor":{"r":1.0,"g":0.0,"b":0.41960785,"a":1.0}}
