{"name":"1","color":{"r":0.45882353,"g":0.40784314,"b":0.3764706,"a":1.0},"laserColor":{"r":0.11764706,"g":1.0,"b":1.0,"a":1.0}}
