{"name":"1","color":{"r":0.28627452,"g":0.31764707,"b":0.49803922,"a":1.0},"laserColor":{"r":1.0,"g":0.0,"b":1.0,"a":1.0}}
