{"name":"0","color":{"r":0.49411765,"g":0.25490198,"b":0.1882353,"a":1.0},"laserColor":{"r":0.0,"g":0.59607846,"b":1.0,"a":1.0}}
