{"name":"3","color":{"r":0.49803922,"g":0.49803922,"b":0.49803922,"a":1.0},"laserColor":{"r":0.0,"g":1.0,"b":0.0,"a":1.0}}
