{"name":"1","color":{"r":0.4627451,"g":0.4,"b":0.49803922,"a":1.0},"laserColor":{"r":0.827451,"g":0.0,"b":1.0,"a":1.0}}
