{"name":"0","color":{"r":0.49803922,"g":0.1882353,"b":0.1882353,"a":1.0},"laserColor":{"r":1.0,"g":0.0,"b":0.0,"a":1.0}}
