{"name":"1","color":{"r":0.36078432,"g":0.43529412,"b":0.49803922,"a":1.0},"laserColor":{"r":0.0,"g":1.0,"b":1.0,"a":1.0}}
